points,assists,off_rebounds
9.44021996306432,2.76403028332297,1.49701622039962
